日付,eroterest_page,blogterest_page,1回目タイトル,状態,動画ホスト,メモ
2026/07/27,44702727,,＜秘密＞｜終電まで口だけで引き延ばされるM男の夜ｗ,遅延OK,LAXD,
2026/07/27,44701589,81,＜秘密＞｜年増のデカ乳輪が下品すぎて目が離せないｗ,保留,Senzuri,2回被り
2026/07/28,44707229,,＜秘密＞｜意識が朦朧のまま、密室で追撃が止まらないｗ,遅延OK,Senzuri,
2026/07/28,44706345,,＜秘密＞｜日常の合間に始まった、2対1の背徳ハーレムｗ,遅延OK,HClips,
2026/07/28,44707600,,＜秘密＞｜同僚の後輩と、勤務中に始まった禁断の関係ｗ,遅延OK,Upornia,
2026/07/28,44707232,84,＜秘密＞｜夫の願いで、他人棒を受け入れる妻の夜ｗ,削除,Senzuri,259luxuクレーム
2026/07/28,44707670,87,＜秘密＞｜スナックのママが、接客から始まった禁断の関係ｗ,遅延OK,Senzuri,2回目人妻でOK
2026/07/29,44707860,90,＜秘密＞｜保育士さんとのじゃんけんが、想定外の展開にｗ,遅延OK,Upornia,2回目＜保育士＞でOK
2026/07/28,44707380,88,＜秘密＞｜教師の妻が、ホストへの想いを隠しきれなくなるｗ,遅延OK,Senzuri,2回目人妻でOK
2026/07/28,44707990,89,＜秘密＞｜射精後も追撃が止まらないM男の夜ｗ,保留,HClips,2回被り
2026/07/28,44708250,91,＜秘密＞｜絶倫相手に、限界を超える快楽に引き込まれるｗ,遅延OK,VJAV,
2026/07/30,44707650,92,＜秘密＞｜母性たっぷりの清楚妻に、初めての夜を優しく導かれるｗ,遅延OK,Upornia,2回目＜人妻＞でOK
2026/07/30,44707630,93,＜秘密＞｜我慢の限界を超えた若妻が、激しさのまま求め合う夜ｗ,遅延OK,VJAV,1発OK
2026/07/30,44708180,94,＜秘密＞｜美脚痴女の淫語責めに、M男は逃げ場を失うｗ,保留,HClips,2回被り（秘密・痴女）
2026/07/30,44707620,95,＜秘密＞｜好奇心旺盛なカップルが、理屈抜きに始まった夜ｗ,保留,HDZog,2回被り（秘密・カップル）
2026/07/30,44707610,96,＜秘密＞｜可愛い二人に迫られ、吐息だけで翻弄されるM男の夜ｗ,遅延OK,VJAV,1発OK
2026/07/31,44708200,97,＜秘密＞｜賞金をかけた罰ゲームが、着替えから始まった禁断の夜ｗ,保留,VJAV,2回被り（秘密・JK）
2026/07/31,44708290,98,＜秘密＞｜メンズエステで始まった、五十路熟女の背徳ピストンｗ,保留,Upornia,2回被り（秘密・熟女）
2026/07/31,44707660,99,＜秘密＞｜ブルマ姿の挑発に、理性が崩れていく放課後ｗ,遅延OK,VJAV,1発OK
2026/08/01,44708510,100,＜秘密＞｜初々しい彼女が、大勢の前で洗礼を受ける夜ｗ,保留,VJAV,2回被り（秘密・彼女）
2026/08/01,44708530,,＜秘密＞｜赤ビキニの細身美女が、スポーツ姿で責め抜く夜ｗ,文案済,HDZog,page/101想定 video=https://hdzog.com/videos/2645119/06511-female-teacher-horny-sex/?promo=36393
2026/08/01,44708570,102,＜秘密＞｜固定バイブの責めに、ギャルがイキまくる密室ｗ,保留,LAXD,2回被り（秘密・ギャル）
2026/08/01,44708320,103,＜秘密＞｜スレンダー美熟女が、激しい交わりでイキまくる夜ｗ,遅延OK,VJAV,1発OK
2026/08/01,44708770,104,＜秘密＞｜制服姿のまま、密室で追い詰められる夜ｗ,遅延OK,VJAV,1発OK
2026/08/02,44708690,,＜MM号＞｜コスプレ巨乳娘が、イラマ挑戦で限界を超える夜ｗ,文案済,amenotiero,WP-only
2026/08/02,44708750,,＜ハーレム＞｜女上司たちに囲まれ、オフィスで追い詰められる夜ｗ,保留,VJAV,2回被り（ハーレム）
2026/08/02,44708780,,＜看護師＞｜着任前の新人ナースが、診察で弄ばれる夜ｗ,文案済,syh1ghd,WP-only
2026/08/02,44708460,,＜女子大生＞｜即パコの高速ピストンに、声を抑えきれない夜ｗ,文案済,kairakuero,WP-only
2026/08/02,44708880,,＜乱交＞｜ビッチギャル二人が繰り広げる、数珠つなぎの狂宴ｗ,文案済,ahaahaaan,WP-only
2026/08/02,44708930,,＜素人＞｜ネット応募の体験撮影が、想定外の快楽にｗ,文案済,ero-join,WP-only
2026/08/02,44709100,105,＜人妻＞｜爆乳妻が、夫婦の夜に貪り尽くす展開ｗ,保留,txxx,2回被り（人妻）
2026/08/02,44709200,,＜小柄＞｜低身長女子の敏感ボディが、極上刺激に震える夜ｗ,文案済,chinbo,WP-only
2026/08/02,44709210,,＜保育士＞｜エロかわ保育士が、巨根に即濡れの密室ｗ,文案済,kanno-timeto,WP-only
2026/08/02,44709020,,＜MM号＞｜素人変態マッサージで、スライム責めに溺れる夜ｗ,文案済,gutyori-na,WP-only
2026/08/02,44709323,,＜MM号＞｜成人式のマジックミラーで、鏡の向こうから始まる夜ｗ,保留,HClips,2回被り（MM号）
2026/08/03,44709295,,＜乱交＞｜女子校生たちの大胆な乱交、巨乳誘惑が炸裂する夜ｗ,文案済,txxx,WP-only id=60
2026/08/03,44709319,,＜人妻＞｜清楚妻が夫の目の前で、電マ責めに溺れる夜ｗ,文案済,txxx,WP-only id=61
2026/08/03,44709320,,＜OL＞｜インタビュー中に急転、残業ハメが始まる夜ｗ,文案済,VJAV,WP-only id=62
2026/08/03,44709324,,＜OL＞｜同僚と上司の禁断関係、自宅で連続射精の夜ｗ,文案済,HClips,WP-only id=63
2026/08/03,44709356,,＜MM号＞｜タトゥー娘のパイパン中出し、鏡号内で限界突破ｗ,文案済,VJAV,WP-only id=64
2026/08/03,44709346,,＜痴女＞｜スレンダー美少女が、ピッタリの快楽に溺れる夜ｗ,文案済,HClips,WP-only id=76
2026/08/03,44709280,,＜痴漢＞｜ミラー号電車で、抗えない美少女たちの悦楽ｗ,文案済,txxx,WP-only id=77
2026/08/03,44709369,106,＜カーセックス＞｜手錠拘束の美少女、エビ反り悶絶の夜ｗ,遅延OK,HClips,2回目＜カーセックス＞でOK
2026/08/03,44709393,,＜ナンパ＞｜童貞くんの筆おろし、ゴム無し初体験の夜ｗ,保留,VJAV,2回被り（ナンパ）
2026/08/04,44709486,,＜企画＞｜彼氏のチンポ当てゲーム、知らない男にｗ,保留,HClips,2回被り（企画）
2026/08/03,44709341,,＜不倫＞｜上司の家で始まる、禁断の二人きりの夜ｗ,文案済,txxx,WP-only id=80
2026/08/03,44709533,,＜人妻＞｜不倫旅行の温泉で、寝静まった夜の浮気ｗ,文案済,txxx,WP-only id=81
2026/08/04,44709286,,＜人妻＞｜カーセックス密室、ご無沙汰妻が感じる快楽ｗ,文案済,txxx,WP-only id=94
2026/08/04,44709371,,＜NTR＞｜隣の女子校生、寝取られの衝撃展開ｗ,文案済,txxx,WP-only id=95
2026/08/04,44709486,,＜企画＞｜彼氏のチンポ当てゲーム、知らない男にｗ,文案済,HClips,WP-only id=96
2026/08/04,44709509,,＜人妻＞｜未亡人教師、借金で乱交に巻き込まれる夜ｗ,文案済,txxx,WP-only id=97
2026/08/04,44709620,,＜ナンパ＞｜Fカップ女子大生、激しく乱れる密室ｗ,文案済,midara,WP-only id=98
2026/07/22,44709854,,＜密着＞｜無防備ボディの密着トリート、剥き出しの快感ｗ,文案済,VJAV,WP-only id=109
2026/07/22,44709896,,＜熟女＞｜お母さんの激しい騎乗位、淫れる展開ｗ,文案済,txxx,WP-only id=110
2026/07/22,44709937,,＜美女＞｜抑えきれない疼き、大きすぎる刺激にｗ,文案済,VJAV,WP-only id=111
2026/07/22,44709962,,＜不倫＞｜甘い囁きと背徳、濃厚な悦楽の夜ｗ,文案済,VJAV,WP-only id=112
2026/07/22,44710045,,＜彼女＞｜青空の下、とろけるハッピーなキモチｗ,文案済,txxx,WP-only id=113
