eroterest_page,title,line1,line2,video_url,tags
44708530,＜秘密＞｜赤ビキニの細身美女が、スポーツ姿で責め抜く夜ｗ,赤ビキニの細身美女が、スポーツ系のシーンで男根を頬張る展開。,細身ボディと赤ビキニの対比がエロすぎる。フェラシーンに注目の一本。,https://hdzog.com/videos/2645119/06511-female-teacher-horny-sex/?promo=36393,スポーツ ビキニ フェラ 細身 美女 秘密 ドキドキ 赤
44708690,＜MM号＞｜コスプレ巨乳娘が、イラマ挑戦で限界を超える夜ｗ,コスプレ姿の巨乳美少女が、MM号の企画でイラマに挑戦する展開。,デカ尻を見せつけながら、容赦ない攻めに声を漏らしていく一本。,https://amenotiero.icu/2026/07/28/%e3%80%90mm%e5%8f%b7%e3%80%91%e3%82%b3%e3%82%b9%e3%83%97%e3%83%ac%e5%b7%a8%e4%b9%b3%e7%be%8e%e5%b0%91%e5%a5%b3%e3%80%81%e3%82%a4%e3%83%a9%e3%83%9e%e3%83%81%e3%82%aa%e6%8c%91%e6%88%a6%ef%bc%81%e3%83%87/,MM号 コスプレ 巨乳 美少女 イラマ ギャル ドキドキ 企画
44708750,＜ハーレム＞｜女上司たちに囲まれ、オフィスで追い詰められる夜ｗ,どSな女上司たちに囲まれ、オフィス内がハーレム状態に。,「私にも射れて」と迫られ、逃げ場のないセックスに溺れていく。,https://uruwasi777.xyz/63057/,ハーレム OL 女上司 オフィス 痴女 3P ドキドキ 美少女
44708780,＜看護師＞｜着任前の新人ナースが、診察で弄ばれる夜ｗ,着任前の新人ナースが、容赦ない弄ばれに晒される展開。,理不尽な試練の末、潮吹き絶頂まで追い込まれる一本。,https://syh1ghd.doorblog.jp/archives/16422614.html,看護師 ナース 新人 診察 潮吹き 企画 ドキドキ 美少女
44708460,＜女子大生＞｜即パコの高速ピストンに、声を抑えきれない夜ｗ,女子大生が即パコの高速ピストンにさらされる展開。,容赦ない生中出しまで追い込まれ、声を押し殺しきれない。,https://www.kairakuero.online/new-post-from-script-6479/,女子大生 即ハメ 中出し ピストン 素人 ドキドキ 美少女 ガチ
44708880,＜乱交＞｜ビッチギャル二人が繰り広げる、数珠つなぎの狂宴ｗ,最強ビッチ気取りのギャル二人が、数珠つなぎ乱交を繰り広げる。,極上の興奮が続くパーティー。絶叫と快楽が止まらない一本。,https://ahaahaaan.com/?p=15320,乱交 ギャル ハーレム 3P ビッチ パーティー ドキドキ 企画
44708930,＜素人＞｜ネット応募の体験撮影が、想定外の快楽にｗ,ナイスボディのおねえさんが、ネット応募からAV体験撮影に臨む展開。,悶絶・痙攣を繰り返し、エクスタシーまで追い込まれる一本。,https://ero-join.xyz/158876/,素人 体験撮影 巨乳 美少女 痙攣 ドキドキ 企画 ガチ
44709100,＜人妻＞｜爆乳妻が、夫婦の夜に貪り尽くす展開ｗ,爆乳妻が亭主の肉棒を両方の口で貪り尽くす、夫婦の夜。,子宮を激しく突かれ、喘ぎ狂うスケベな日常が始まる。,https://txxx.com/videos/11663104/excellent-adult-scene-japanese-try-to-watch-for-show/,人妻 巨乳 夫婦 中出し フェラ ドキドキ 爆乳 日常
44709200,＜小柄＞｜低身長女子の敏感ボディが、極上刺激に震える夜ｗ,低身長女子の感度良好な体が、ぬるぬるの刺激にさらされる。,小柄な体躯が秘めた熱い反応。極上の快楽に酔いしれる一本。,https://chinbo.veryechi.com/archives/58658,小柄 低身長 素人 敏感 美少女 ドキドキ 企画 ガチ
44709210,＜保育士＞｜エロかわ保育士が、巨根に即濡れの密室ｗ,吉祥寺のエロかわ保育士が、巨根で即濡れの無毛マンコを突かれる。,密室で始まった激しいピストン。声を抑えきれない展開。,https://www.kanno-timeto.com/2026/07/29/page-78276/,保育士 巨根 即ハメ 無毛 美少女 ドキドキ 密室 素人
44709020,＜MM号＞｜素人変態マッサージで、スライム責めに溺れる夜ｗ,MM号の素人変態マッサージで、スライムを使った責めが始まる。,マニア向けの過激な展開。我慢できず声を漏らしていく一本。,https://www.gutyori-na.xyz/69120/,MM号 マッサージ 素人 変態 スライム 企画 ドキドキ 盗撮
44709295,＜乱交＞｜女子校生たちの大胆な乱交、巨乳誘惑が炸裂する夜ｗ,女子校生たちが繰り広げる大胆な乱交シーン。巨乳美女の誘惑が止まらない展開。,数珠つなぎの快楽が続く狂宴。絶叫と興奮が止まらない一本。,https://txxx.com/videos/4266197/-,乱交 女子校生 JK 巨乳 美少女 3P パーティー ドキドキ
44709319,＜人妻＞｜清楚妻が夫の目の前で、電マ責めに溺れる夜ｗ,清楚な人妻が隠していた淫乱さが、夫の目の前で解放される展開。,電マ責めと手コキの連続に、声を抑えきれなくなるNTR一本。,https://txxx.com/videos/18709275/-/?promo=48405,人妻 NTR 電マ 手コキ 清楚 夫婦 ドキドキ 痴女
44709320,＜OL＞｜インタビュー中に急転、残業ハメが始まる夜ｗ,社内モードのインタビュー中、急に展開が変わるOLドラマ。,デカ尻と濃厚フェラから残業ハメへ。止まらないピストンに溺れる。,https://vjav.com/videos/792783/tfld28-cuteeeee-asian-porn-oh-yeah/?promo=48405,OL オフィス フェラ デカ尻 残業 中出し ドキドキ 企画
44709324,＜OL＞｜同僚と上司の禁断関係、自宅で連続射精の夜ｗ,同僚と既婚上司の禁断関係が、自宅で撮影された展開。,会社の誰も知らない女子社員の密室。連続射精が止まらない一本。,https://hclips.com/videos/9952499/-,OL 不倫 上司 同僚 自宅 中出し ドキドキ 企画
44709356,＜MM号＞｜タトゥー娘のパイパン中出し、鏡号内で限界突破ｗ,タトゥー娘がマジックミラー号内で、パイパン中出しに挑む展開。,「もっと奥まで」の声と共に、容赦ないピストンに溺れていく。,https://vjav.com/videos/914765/yyg633-twwrmkemqu103751010/?promo=41074,MM号 中出し パイパン ギャル 企画 ドキドキ 素人 美少女
44709346,＜痴女＞｜スレンダー美少女が、ピッタリの快楽に溺れる夜ｗ,スレンダー美少女が、完璧にフィットする刺激にさらされる展開。,快楽に溺れる痴態が止まらない。声を漏らしながら求め続ける一本。,https://hclips.com/videos/10637453/alhhtefxsuhvywgyug19jur705/?promo=41074,痴女 スレンダー 美少女 中出し 素人 ドキドキ 企画 ガチ
44709280,＜痴漢＞｜ミラー号電車で、抗えない美少女たちの悦楽ｗ,ミラー号電車内で、抗えない美少女たちが悦楽に晒される展開。,密室の車内で始まった過激な体験。声を抑えきれない録画一本。,https://member.txxx.com/videos/19684901/28-cuteeeee-asian-cooooool-ahhhhh,痴漢 電車 MM号 美少女 企画 盗撮 ドキドキ 素人
44709369,＜カーセックス＞｜手錠拘束の美少女、エビ反り悶絶の夜ｗ,手錠で拘束された美少女が、カーセックスで晒される展開。,エビ反りのアナル露出から中出し悶絶へ。逃げ場のない密室一本。,https://hclips.com/videos/10061469/yts281-ygssjbncsq167340768/?promo=41074,カーセックス 拘束 美少女 中出し 素人 ドキドキ 企画 ガチ
44709393,＜ナンパ＞｜童貞くんの筆おろし、ゴム無し初体験の夜ｗ,ナンパ美女が童貞くんの筆おろしに臨む、ゴム無し初体験。,生チンポの熱さに声を漏らし、ハメドキセックスに溺れていく。,https://vjav.com/videos/337381/fabulous-sex-clip-brunette-watch-uncut/,ナンパ 童貞 筆おろし 素人 美少女 中出し ドキドキ 企画
44709341,＜不倫＞｜上司の家で始まる、禁断の二人きりの夜ｗ,上司の家での出会いが、禁断の空気を生む展開。,二人きりの夜、力の均衡が崩れていく。声を抑えきれない不倫ドラマ。,https://txxx.com/videos/20895517/x1x63d40e784c17d91e9c/?promo=48087,不倫 上司 OL 密室 寝取り ドキドキ 人妻 企画 ガチ
44709533,＜人妻＞｜不倫旅行の温泉で、寝静まった夜の浮気ｗ,不倫旅行の温泉で、人妻が密かに浮気を始める展開。,寝静まった夜に美ボディを晒し、欲望が解放されていく一本。,https://txxx.com/videos/3931699/-/?promo=47713,人妻 不倫 温泉 旅行 NTR 巨乳 ドキドキ 浮気
